Maximum,Minimum,Mean,Standard Deviation,Root Mean Square,Skewness,Kurtosis,Peak Value,Peak Value Index,Shape Index,Absolute Mean,Sample Variance,Root Amplitude,Impulse Index,Margin Index,labels
57.3,0.6,9.885200000000001,10.923159423150755,14.723924748517291,1.9884929530929898,3.7096095588263047,57.3,3.89162543130833,1.4894918411885738,9.885200000000001,119.31541178356713,3.0583899606657215e-05,5.796544328895722,1873534.7923888513,1
127.4,0.5,20.7994,34.18358281849077,39.98493891454631,1.8667679786222042,2.089973694634298,127.4,3.186199690645333,1.9224082865152992,20.7994,1168.5173343086171,4.594814638810761e-05,6.125176687789072,2772690.7397721256,0
125.9,0.5,20.7524,33.77926185254209,39.615887721973365,1.8527583419082811,2.0454556433176654,125.9,3.1780178923055726,1.908978610761809,20.7524,1141.0385313026054,4.629927407823794e-05,6.066768181029664,2719265.096624416,0
122.5,0.6,20.7888,34.03591752728062,39.85349420063441,1.8557885090155082,2.023776143417879,122.5,3.0737580846311334,1.9170656411449631,20.7888,1158.4436819238479,4.623393017061304e-05,5.892596013237898,2649569.2567763315,0
127.2,0.5,20.6368,33.67528850465491,39.466878771952565,1.8586759004095583,2.0671807126567474,127.2,3.222955651876774,1.912451483367216,20.6368,1134.0250558717432,4.584976395664244e-05,6.163746317258489,2774278.186476291,0
124.8,0.5,20.6978,33.94653545944562,39.72985602792942,1.870242400373407,2.1181315174266073,124.8,3.1412145040814567,1.9195207233584932,20.6978,1152.3672696993988,4.583479124308368e-05,6.0296263370986285,2722822.4808121473,0
56.4,0.7,9.9468,10.820483144062555,14.689707961698899,1.9017206816900287,3.04865667016303,56.4,3.839422822227244,1.4768275185686752,9.9468,117.08285547094188,3.096499677819993e-05,5.670165279285801,1821411.4603011003,1
128.3,0.7,20.6822,33.83593835863309,39.62744478262509,1.8678028842494512,2.1277531411333284,128.3,3.237655132794582,1.9160169025841103,20.6822,1144.8707246092183,4.584250222454865e-05,6.203401959172622,2798712.848865728,0
133.7,0.6,20.7702,34.27310934257375,40.04619757230392,1.8797017066306059,2.1617174198893956,133.7,3.3386440687309435,1.9280602773350242,20.7702,1174.646024008016,4.572148028653808e-05,6.437107009080317,2924227.281402473,0
130.9,0.7,20.787200000000002,34.2013247900544,39.99373500937365,1.8781190793036984,2.1533942146842238,130.9,3.2730126348369297,1.9239596968025345,20.787200000000002,1169.7306173947898,4.5985162889289894e-05,6.297144396551724,2846570.3234572443,0
130.1,0.5,20.586800000000004,33.802566363302816,39.54926800839682,1.8717645177699085,2.131174559147265,130.1,3.2895678365621857,1.9210983741230698,20.586800000000004,1142.613492745491,4.553686080211773e-05,6.31958342238716,2857026.103871209,0
128.6,0.6,20.896399999999996,34.071811276880695,39.94028142114174,1.855124096432694,2.0595780856812977,128.6,3.2198070575418547,1.9113474771320298,20.896399999999996,1160.8883236873746,4.6412490043009706e-05,6.1541700962845285,2770805.8731782855,0
123.9,0.7,20.8042,33.967041705223735,39.802853415301776,1.8516859806653294,2.0221269343392496,123.9,3.1128421549890186,1.9132124001548616,20.8042,1153.7599222044087,4.620164907112591e-05,5.9555282106497724,2681722.459933412,0
54.1,0.7,9.759,10.584223664547265,14.388878344054477,1.9135758438006554,3.2051981274906307,54.1,3.759848315233985,1.474421389902088,9.759,112.02579058116234,3.04319780965016e-05,5.543600778768316,1777735.2437769806,1
129.1,0.6,20.720599999999997,33.92227582628366,39.72106015705019,1.8683098497143138,2.104465253758515,129.1,3.250165012956879,1.9169840717474491,20.720599999999997,1150.7207972344688,4.601960828064195e-05,6.230514560389178,2805325.9213487403,0
127.1,0.6,20.834999999999997,33.89183482692951,39.75495415668342,1.8531641711258513,2.044389780986818,127.1,3.1970858147407153,1.9080851527085876,20.834999999999997,1148.6564679358721,4.640820713627118e-05,6.100311975041997,2738739.7153005437,0
131.0,0.6,20.7176,34.017741602397045,39.800895467313296,1.890249977414892,2.216897432984833,131.0,3.2913832330125454,1.9211151613755113,20.7176,1157.2067437274548,4.603769526167274e-05,6.323126230837548,2845494.3118983633,0
125.5,0.5,20.667599999999997,33.77999951115968,39.572160416130934,1.8654960716233013,2.0960391094697597,125.5,3.17142149127754,1.9146954855005391,20.667599999999997,1141.088366973948,4.5988809216708955e-05,6.072306411968492,2728924.7566428077,0
126.7,0.6,20.669400000000003,34.04814938573294,39.80178413086529,1.880812286492365,2.1617057053155815,126.7,3.183274387485241,1.9256380993577602,20.669400000000003,1159.2764765931863,4.570919157713839e-05,6.129834441251318,2771871.3814087547,0
127.4,0.6,20.694599999999998,33.92238150209309,39.70759348034077,1.8704552329103807,2.137641042013417,127.4,3.208454324059597,1.9187417722662323,20.694599999999998,1150.7279667735472,4.584312733336866e-05,6.156195335981368,2779042.5176178385,0
128.3,0.5,20.694000000000003,33.786698655122024,39.591660232932895,1.8651694591141454,2.1050533747176754,128.3,3.2405814569321416,1.9131951402789644,20.694000000000003,1141.5410060120241,4.5999128907923694e-05,6.1998646950806995,2789183.2529441523,0
128.0,0.5,20.703400000000006,34.01771506607452,39.79348313480487,1.8819925682373737,2.1816387957543606,128.0,3.21660709032144,1.9220747864990708,20.703400000000006,1157.2049383166334,4.594431472957041e-05,6.182559386380979,2785981.2634797534,0
130.6,0.6,20.864,34.310719534132474,40.12701733246566,1.8831323778816695,2.186882012786689,130.6,3.2546650282510567,1.923265784723239,20.864,1177.2254749498995,4.6167337472006734e-05,6.259585889570552,2828839.7631591484,0
130.6,0.6,20.8382,34.03809549092456,39.88114015421325,1.8731944599318617,2.1417463693789944,130.6,3.274730850095888,1.9138476525905908,20.8382,1158.5919446492987,4.633800897658276e-05,6.267335950322004,2818420.6202299204,0
125.9,0.6,20.821399999999997,34.01620918053668,39.853719776201565,1.8561468168910857,2.0500144106762868,125.9,3.159052673301038,1.914074931378369,20.821399999999997,1157.102487014028,4.627779826467066e-05,6.046663528869337,2720527.0069236294,0
54.7,0.6,9.7936,10.562468011833314,14.396430113052332,1.8631771191367457,3.0606912089601357,54.7,3.7995530538092894,1.4699834701286894,9.7936,111.56573050100201,3.0472849275743947e-05,5.585280182976638,1795040.5459308526,1
131.3,0.5,20.862000000000002,34.17689858359865,40.011839747754664,1.8764646659686748,2.1463175674594295,131.3,3.2815286882020502,1.9179292372617516,20.862000000000002,1168.0603967935872,4.63408166625105e-05,6.293739814015914,2833355.332432479,0
61.4,0.7,9.801599999999999,10.600663449574386,14.429853776112909,1.930752845645246,3.4385656113100076,61.4,4.255067373007007,1.4721937006318264,9.801599999999999,112.3740655711423,3.061248781905856e-05,6.264283382304931,2005717.417118053,1
129.1,0.5,20.844,34.03649732714283,39.88280983080305,1.8645315242353706,2.0983474605696584,129.1,3.236983566295548,1.9133952135292192,20.844,1158.483150300601,4.634561062413272e-05,6.193628862022644,2785592.815833482,0
123.2,0.7,20.6958,33.760081287477284,39.5699347990365,1.8531708209900377,2.03475603085512,123.2,3.113474930542464,1.9119789908598124,20.6958,1139.743088537074,4.606915197633108e-05,5.952898655765905,2674240.673309906,0
130.4,0.6,20.700800000000005,33.8306965849485,39.632690042438455,1.8817018377823427,2.1882373370026444,130.4,3.290213201787929,1.914548715143301,20.700800000000005,1144.516031422846,4.618685096512147e-05,6.299273458030607,2823314.3692448973,0
128.1,0.6,20.7454,33.902363033844075,39.71703790566462,1.8730551025361852,2.13690147345097,128.1,3.225316054642882,1.9144985348879568,20.7454,1149.3702192785572,4.627321871995001e-05,6.174862861164402,2768339.9500534763,0
128.8,0.6,20.765400000000007,33.88102996106294,39.70932107201028,1.8645429279716732,2.1020347470427136,128.8,3.2435709431150825,1.912282983810101,20.765400000000007,1147.924191222445,4.617577824650459e-05,6.202625521299853,2789341.1847314104,0
126.7,0.6,20.6256,33.596887450069914,39.39427268017522,1.8543225962842007,2.0572028239453823,126.7,3.2162035590457934,1.9099697793118853,20.6256,1128.7508463326653,4.585100612998357e-05,6.142851601892794,2763298.140957183,0
53.2,0.6,9.9628,10.826971079924942,14.70531332546165,1.8454219792806739,2.749363908284238,53.2,3.617739984355612,1.4760221348879483,9.9628,117.22330276553105,3.095384694201847e-05,5.339864295178063,1718687.829000775,1
126.8,0.6,20.5806,33.76374304381339,39.512927757887034,1.8767616749088516,2.155863171288596,126.8,3.209076299710287,1.9199113610821372,20.5806,1139.990344328657,4.5685273983145044e-05,6.161142046393205,2775511.42730984,0
129.2,0.6,20.660000000000004,33.89200341956172,39.66366296750717,1.872614470485595,2.1262030246863324,129.2,3.2573895181048154,1.919828798040037,20.660000000000004,1148.6678957915833,4.579958953534834e-05,6.253630203291383,2820985.9806774645,0
47.0,0.7,9.8572,10.357480531766972,14.290809634166989,1.6958239556236019,2.0649053184653416,47.0,3.2888269596447977,1.4497838771828702,9.8572,107.27740296593186,3.084479722389988e-05,4.768088300937386,1523757.7883501975,1
127.3,0.4,20.7392,34.00087325531873,39.797759735944936,1.8810369307457186,2.1700409878974334,127.3,3.198672509322778,1.9189631102426774,20.7392,1156.0593821242487,4.603963106888475e-05,6.1381345471377875,2765009.1246285844,0
58.0,0.6,9.8944,10.769963457028602,14.617088629409073,1.9101230181947442,3.299606381001036,58.0,3.96795842663949,1.4773092486061887,9.8944,115.99211286573147,3.075355424686911e-05,5.861901681759379,1885960.8725032078,1
127.5,0.4,20.740800000000004,33.996198882182014,39.79460817749058,1.8757235339788507,2.144195867430132,127.5,3.2039516366470746,1.9186631266629337,20.740800000000004,1155.7415384368737,4.603504475169726e-05,6.1473038648461,2769629.109468808,0
128.9,0.5,20.715199999999996,33.75236366635872,39.57351538592446,1.8552768569059577,2.06029994366937,128.9,3.257228950800951,1.9103612509618284,20.715199999999996,1139.2220530661323,4.612361415018684e-05,6.222483973121188,2794663.912942257,0
129.2,0.5,20.609200000000005,33.965503473560126,39.69996523927949,1.8751551371553472,2.1260803688733745,129.2,3.2544109099664493,1.9263224792461369,20.609200000000005,1153.655426212425,4.5580691502369465e-05,6.269044892572247,2834533.5654524607,0
129.4,0.6,20.8052,33.98744571002334,39.82075488988123,1.8703214661814063,2.114786413533551,129.4,3.2495617011238926,1.9139808744872067,20.8052,1155.1464658917837,4.6426798340365745e-05,6.219598946417243,2787183.3644727827,0
131.9,0.6,20.767799999999998,34.08524888486347,39.88460981381165,1.8776205353113768,2.161779422195644,131.9,3.3070399990305113,1.9205024034231672,20.767799999999998,1161.8041915430863,4.599478468228428e-05,6.351178266354646,2867716.4359202594,0
128.3,0.6,20.7492,34.00954568581461,39.81036548438107,1.8753768662819676,2.153019727148089,128.3,3.2227787521904654,1.918645802458942,20.7492,1156.6491977555108,4.610607828877607e-05,6.183370925144103,2782713.3593193283,0
127.5,0.5,20.5206,33.67671715289946,39.4074619837411,1.8797799728782356,2.177154106562681,127.5,3.2354278499996902,1.9203854655195802,20.5206,1134.1212781963927,4.559147542999571e-05,6.21326861787667,2796575.4298908855,0
128.6,0.6,20.6884,33.917327070262814,39.700052896690195,1.8744511538066528,2.1441256894606147,128.6,3.239290394263465,1.918952306446617,20.6884,1150.3850755911826,4.5986344604919954e-05,6.216043773322247,2796482.3276308295,0
126.6,0.5,20.788000000000004,34.002178051184444,39.82432372307156,1.861297736017035,2.0745628048294122,126.6,3.1789617039160514,1.9157361806364994,20.788000000000004,1156.148112224449,4.615073190576009e-05,6.090051953049835,2743185.0974436877,0
129.5,0.6,20.749599999999997,33.81962794456227,39.648778039177955,1.8557604822271974,2.060905693480164,129.5,3.2661788434447536,1.9108213189255678,20.749599999999997,1143.7672343086172,4.6153998823893295e-05,6.24108416547789,2805824.052085377,0
49.2,0.5,9.508199999999999,10.029497215153786,13.812874429314125,1.847320779700079,3.0179937487759174,49.2,3.561894394376466,1.452732844209643,9.508199999999999,100.59081438877753,2.984194598521405e-05,5.174480974316906,1648686.0483018565,1
129.1,0.6,20.8804,34.05554192361976,39.9180595720784,1.8652092411545826,2.0993835351037493,129.1,3.2341251399479836,1.911747838742476,20.8804,1159.7799357114227,4.656397998650173e-05,6.182831746518265,2772529.3249723143,0
127.5,0.5,20.7558,33.89083421291507,39.712651636474746,1.8549176159300873,2.0360637741291017,127.5,3.2105637560322338,1.9133279197368804,20.7558,1148.5886436472945,4.6140256118647777e-05,6.142861272511779,2763313.6598145226,0
52.6,0.5,9.823199999999998,10.610224100882219,14.45153832642048,1.8919291286992235,3.131883245813211,52.6,3.639750925604649,1.4711640123809433,9.823199999999998,112.5768554709419,3.06413466746169e-05,5.354670575779788,1716634.7340593068,1
54.3,0.6,9.731399999999999,10.452974859187867,14.27397281768464,1.8740282124564624,3.0264552240987745,54.3,3.8041266221780514,1.4667954063839368,9.731399999999999,109.2646834068136,3.0451468847587477e-05,5.579875454713608,1783165.215174897,1
130.6,0.6,20.8488,34.036309425061894,39.885158643284846,1.867929293004904,2.118433163592277,130.6,3.2744009160908303,1.9130673536743048,20.8488,1158.4703592785572,4.642641317633952e-05,6.264149495414603,2813053.8429481387,0
126.6,0.6,20.7876,34.0688917490725,39.880976918826846,1.8539387379733332,2.017207229816375,126.6,3.174445808027215,1.9184983797469088,20.7876,1160.68938501002,4.611570187001868e-05,6.090169139294579,2745268.8534771446,0
52.8,0.6,9.756400000000001,10.47231960914066,14.305155713937545,1.8471841737382229,2.858703670568741,52.8,3.6909769495593006,1.466233007455367,9.756400000000001,109.669477995992,3.0452631959958152e-05,5.41183223320077,1733840.2824894139,1
131.7,0.5,20.7896,34.14761325219734,39.949153182514394,1.8721512278911858,2.134324077827773,131.7,3.296690655701924,1.9215931611245234,20.7896,1166.0594908216435,4.589922167832564e-05,6.334898218339939,2869329.7006862075,0
135.4,0.6,20.624599999999997,33.8559949140953,39.614518298219906,1.8725901400441864,2.1335629481182874,135.4,3.417938821840584,1.9207411682272584,20.624599999999997,1146.2283916232466,4.5678969574712854e-05,6.5649758055913825,2964164.937620556,0
125.1,0.5,20.7984,33.851596396583645,39.7015385092316,1.860433651067097,2.0829585710793452,125.1,3.1510113889140876,1.9088746494553233,20.7984,1145.9305785971947,4.6388938495068216e-05,6.014885760443111,2696763.583268883,0
50.6,0.7,9.715800000000002,10.458212024888146,14.267172810336321,1.852328375712067,2.8914958034623375,50.6,3.5466031478458837,1.468450648462949,9.715800000000002,109.37419875751502,3.0293929853736123e-05,5.208011692295024,1670301.6163404614,1
126.2,0.6,20.867,33.963783183507,39.83294089067489,1.8562489548478358,2.0568854162533263,126.2,3.1682320506127657,1.9088963861923078,20.867,1153.5385681362725,4.656411103853456e-05,6.047826712033354,2710241.7974985507,0
125.5,0.5,20.6584,33.782589541838036,39.56956305040529,1.8724662384788984,2.1328659149085194,125.5,3.1716296649556903,1.9154224456107585,20.6584,1141.2633561523046,4.6014653844226574e-05,6.075010649421059,2727392.026567345,0
127.7,0.7,20.7442,33.99273803090412,39.79342985971429,1.8776103589499316,2.1579203937195537,127.7,3.20907246372547,1.9182918531307203,20.7442,1155.5062388376753,4.6099594396442636e-05,6.155937563270697,2770089.448115713,0
131.1,0.6,20.7048,34.00937358940749,39.78709539536657,1.8741220959419982,2.1323107481478933,131.1,3.295038220238297,1.9216363063331485,20.7048,1156.6374919438874,4.5832958035700865e-05,6.331865074765272,2860387.058105255,0
127.8,0.6,20.8354,34.177957698271705,39.99888023432656,1.8721909322131471,2.1202917521955706,127.8,3.195089443787068,1.919755811471177,20.8354,1168.1327924248499,4.626148296736723e-05,6.133791527880434,2762557.354465915,0
127.7,0.6,20.714,33.889502811366285,39.689686317732466,1.8613529014035433,2.0838925291648334,127.7,3.21746055077655,1.916080250928477,20.714,1148.498400801603,4.597151666248955e-05,6.164912619484407,2777806.9829094154,0
129.6,0.6,20.659,33.86028849957645,39.63609945491609,1.885606809383163,2.2125923345297274,129.6,3.2697465639224403,1.9185875141544166,20.659,1146.519137274549,4.594179109078181e-05,6.2732949319908995,2820960.979599338,0
125.5,0.6,20.722199999999997,33.84512183023437,39.656157907694485,1.8741980432304388,2.144766249558999,125.5,3.1647039607850975,1.9137040424131844,20.722199999999997,1145.492271703407,4.619089330688714e-05,6.056306762795457,2716985.773931498,0
126.2,0.6,20.5168,33.56989474852213,39.31441262437988,1.868611601667063,2.1085484392249203,126.2,3.2100187075347564,1.916205871499448,20.5168,1126.9378334268536,4.568013262703594e-05,6.15105669500117,2762689.0015925243,0
53.8,0.5,9.798399999999999,10.575297218637642,14.409090186406635,1.9540558048180414,3.548233798362424,53.8,3.7337541304831503,1.4705554158236689,9.798399999999999,111.83691126252506,3.0596245236010755e-05,5.490692357935989,1758385.6968396632,1
52.7,0.7,9.8446,10.816342143012553,14.617640712508976,1.9366785164891116,3.27148463744607,52.7,3.6052329535574255,1.484838460933809,9.8446,116.99325735470941,3.0546052501533945e-05,5.353188550068058,1725263.8453807917,1
127.8,0.5,20.751800000000003,33.84010641775125,39.66736315915138,1.8598847158857934,2.0769701263169322,127.8,3.2217921692260547,1.9115143341373457,20.751800000000003,1145.1528023647295,4.626921093203671e-05,6.158501913087057,2762095.947296813,0
123.6,0.6,20.760999999999996,33.91328767846498,39.7344935792568,1.8660734988033392,2.1097615244234813,123.6,3.110647421577427,1.913900755226473,20.760999999999996,1150.1110811623246,4.61506543183576e-05,5.953470449400319,2678185.21374322,0
51.3,0.7,9.6906,10.210453386442417,14.069562182242915,1.7599464761926886,2.4759901901383436,51.3,3.6461688953438314,1.4518773019465168,9.6906,104.2533583567134,3.0345595400968734e-05,5.293789858213113,1690525.406476695,1
130.7,0.5,20.697600000000005,33.8341894981688,39.633994499671616,1.8696316193360007,2.1306639323428973,130.7,3.2976741721322815,1.9149077429108499,20.697600000000005,1144.752378997996,4.5983022014022024e-05,6.314741805813233,2842353.422533744,0
55.5,0.7,9.913,10.873269378340071,14.705750575880172,1.8688448412189032,2.989633396878368,55.5,3.774033818513762,1.483481345292058,9.913,118.22798697394788,3.065776586670386e-05,5.598708766266519,1810308.0387953604,1
52.2,0.5,9.6242,10.298477150688178,14.087999858035207,1.8718600865133492,3.0710567547861842,52.2,3.705281127627731,1.4638099642604276,9.6242,106.05863162324651,3.0052232742854784e-05,5.423827435007586,1736975.7663816533,1
128.4,0.6,20.652,33.864332889991616,39.63589988886337,1.8784861023147705,2.164139528430174,128.4,3.2394874434546894,1.9192281565399656,20.652,1146.793042084168,4.584967053368277e-05,6.217315514235909,2800456.328375858,0
127.0,0.5,20.847599999999996,33.90582345214367,39.77345949248067,1.8677844896099567,2.114991536968506,127.0,3.1930840721564553,1.9078195807901472,20.847599999999996,1149.604863967936,4.660895979630892e-05,6.0918283159692255,2724797.99066568,0
130.5,0.5,20.779199999999996,33.94118760137281,39.76776785287301,1.8477422056919308,2.0046027098471226,130.5,3.281552046944271,1.9138257417452555,20.779199999999996,1152.0042157915832,4.6074695184204696e-05,6.280318780318781,2832357.3162723375,0
128.6,0.5,20.6826,33.95920453109539,39.73274543748519,1.878819515817881,2.1614212344994685,128.6,3.2366250704305592,1.9210711147285733,20.6826,1153.2275723847697,4.587839303309873e-05,6.2177869320104815,2803062.4330547536,0
56.1,0.5,9.8364,10.641961178064449,14.483770227395903,1.896295970441952,3.1883163597910675,56.1,3.8733008822445574,1.4724665759216689,9.8364,113.25133771543086,3.067700310709212e-05,5.703306087593022,1828731.4378186574,1
125.9,0.6,20.693200000000004,33.82933640737765,39.62756212536926,1.8701423193383464,2.120060644289026,125.9,3.177081638322631,1.9150040653629816,20.693200000000004,1144.424001763527,4.6159896152335685e-05,6.0841242533779205,2727475.8068022532,0
133.0,0.6,20.732,34.037169003127964,39.824962523522856,1.87843579517823,2.1617562106593065,133.0,3.3396139399112488,1.9209416613700008,20.732,1158.528873747495,4.589479765848973e-05,6.415203550067528,2897931.9396867924,0
124.8,0.5,20.7634,33.94490880983798,39.76268476851129,1.8668355508654675,2.1106194317397415,124.8,3.1386210646125967,1.9150372659829937,20.7634,1152.2568341082163,4.610669623412305e-05,6.01057630253234,2706765.1814886904,0
48.4,0.6,9.745,10.215020719342334,14.110385536901532,1.749945961178527,2.3722148635269154,48.4,3.4300976308141364,1.4479615738226304,9.745,104.34664829659319,3.06368603879898e-05,4.966649563878913,1579796.3429364215,1
127.6,0.6,20.6484,33.78652269280375,39.56769490379747,1.870808247176631,2.125852614216015,127.6,3.224853009765644,1.9162596086765789,20.6484,1141.5291156713429,4.59055715697669e-05,6.179655566533,2779619.023065089,0
124.9,0.6,20.7416,33.88172267909952,39.69747044837996,1.8640229292892891,2.0948854847840854,124.9,3.1462961893859696,1.9139058919456533,20.7416,1147.9711317034066,4.613778391141959e-05,6.021714814671965,2707108.781813119,0
128.6,0.6,20.865199999999998,34.227043839923425,40.05626193243698,1.8837609588474604,2.1882151421428677,128.6,3.210484298732368,1.9197641015871876,20.865199999999998,1171.49053002004,4.6257217257859104e-05,6.163372505415716,2780106.708173217,0
129.4,0.7,20.9506,34.31320696151801,40.174233284532015,1.8771342632572898,2.154567182893775,129.4,3.220969995457808,1.9175695819944065,20.9506,1177.396171983968,4.659967701890236e-05,6.1764340878065545,2776843.280426839,0
129.2,0.6,20.6756,34.07014638050118,39.82378384834872,1.8741208606446509,2.1154147233541583,129.2,3.2442924181188078,1.9261247000497552,20.6756,1160.7748743887773,4.575942750318171e-05,6.248911760722784,2823461.8973547374,0
130.3,0.6,20.8878,33.9873486889137,39.86389067815634,1.8575177709989443,2.074220349052556,130.3,3.2686222489416643,1.9084772296822232,20.8878,1155.1398709018038,4.6509147173963336e-05,6.238091134537865,2801599.425433978,0
125.8,0.6,20.769599999999997,33.986099891155845,39.80101958493023,1.8794415398699418,2.172563076329009,125.8,3.160723049608291,1.9163113196657728,20.769599999999997,1155.0549858116233,4.616324598753679e-05,6.056929358292891,2725111.662077741,0
128.1,0.5,20.804599999999997,34.112878151095714,39.92733975611198,1.8832329375191685,2.190016254621626,128.1,3.2083279472780495,1.9191592126795027,20.804599999999997,1163.6884557515032,4.616530600555921e-05,6.157292137315786,2774811.02333805,0
127.1,0.5,20.717599999999997,33.842673406908226,39.65166881733983,1.8633689776936435,2.1006928190858902,127.1,3.2054136380867444,1.9139122686672123,20.717599999999997,1145.326543326653,4.594831994057984e-05,6.134880488087424,2766151.19256515,0
129.4,0.6,20.8468,34.061326422723916,39.90542168678336,1.8600492230591452,2.0577257407556937,129.4,3.24266714973362,1.9142228872912561,20.8468,1160.1739576753505,4.640236059074689e-05,6.207187673887598,2788651.231372994,0
128.4,0.6,20.698399999999996,33.98427252418383,39.76235254609566,1.8701969592483767,2.118748044264324,128.4,3.2291851909704934,1.9210350822332,20.698399999999996,1154.930778997996,4.582486241185347e-05,6.203378038882234,2801972.4062889256,0
129.0,0.3,20.703400000000002,34.08793662406942,39.853409138993364,1.8810082862515312,2.156625367230503,129.0,3.236862361011516,1.9249692871216013,20.703400000000002,1161.9874232865734,4.5855383999055766e-05,6.230860631587082,2813192.0125814737,0
125.3,0.6,20.812000000000005,33.91385195918357,39.76164483519262,1.8565968326525668,2.0549420028203293,125.3,3.151278085183696,1.9105153197766966,20.812000000000005,1150.149354709419,4.6343468931925774e-05,6.020565058620026,2703725.0962817217,0
128.5,0.6,20.764000000000003,33.959750784519805,39.77564380371486,1.8786167214358294,2.1838061324411884,128.5,3.230620241726891,1.9156060394776946,20.764000000000003,1153.2646733466934,4.6141805677509135e-05,6.1885956463109215,2784893.181209739,0
132.5,0.6,20.716199999999997,33.733913371898694,39.55833540481702,1.8724865858081472,2.1621780756031557,132.5,3.349483709161975,1.9095362761904706,20.716199999999997,1137.9769113827654,4.6181440264322277e-05,6.395960649153803,2869117.9669067967,0
130.7,0.6,20.7988,34.05774300033038,39.87731284828505,1.8728452276494933,2.1257732961913343,130.7,3.277552840565104,1.9172891151549634,20.7988,1159.929858276553,4.624795922557309e-05,6.2840163855607045,2826070.6458962765,0
54.9,0.7,9.839,10.726188570153191,14.54740320469602,1.9497638050313075,3.4838813441747885,54.9,3.773869413496275,1.478544893250942,9.839,115.05112124248497,3.060329903398071e-05,5.579835349120845,1793924.241273504,1
127.6,0.6,20.7142,33.83520623140109,39.64353188100173,1.8421292282557002,1.9736695331179064,127.6,3.218683955380611,1.9138335963253095,20.7142,1144.821180721443,4.596537735517203e-05,6.160025489760646,2776002.446668534,0
126.7,0.6,20.624200000000005,33.712434067886036,39.4919331003181,1.8700701073262016,2.1272453732509655,126.7,3.2082501425836623,1.9148346651175847,20.624200000000005,1136.528210781563,4.588818394990648e-05,6.143268587387631,2761059.364177741,0
126.0,0.6,20.720200000000002,33.98888849377225,39.7776412070902,1.8707911098590833,2.126802687301997,126.0,3.167608640844722,1.9197517981047574,20.720200000000002,1155.244541042084,4.588805131431591e-05,6.081022383953822,2745812.829072809,0
127.6,0.7,20.701400000000003,33.8468242685504,39.64674337193409,1.8600252641831316,2.079948361620536,127.6,3.218423233478691,1.9151720836240103,20.701400000000003,1145.6075130661322,4.594216285121456e-05,6.16383433004531,2777405.1564188967,0
125.0,0.6,20.895200000000003,34.23680262916701,40.08021606728187,1.8659880248215321,2.0858004306217097,125.0,3.118745662203142,1.918154220456462,20.895200000000003,1172.158654268537,4.6434496404059523e-05,5.98223515448524,2691964.1576875574,0
124.9,0.5,20.6248,33.898800011866044,39.65113819299517,1.8618129450395564,2.071686890302156,124.9,3.1499726285805596,1.9224980699446865,20.6248,1149.1286422444891,4.548783271669313e-05,6.055816298824716,2745789.2042890005,0
128.7,0.6,20.7802,34.11731129235772,39.91841254358695,1.8953518853171194,2.2432572028988735,128.7,3.2240761042156256,1.9209830773326029,20.7802,1163.9909298196394,4.61703898886716e-05,6.193395636230642,2787500.827052316,0
125.0,0.6,20.641399999999997,33.769560739,39.549587355622315,1.8646471990374407,2.089962956104351,125.0,3.1605892338654242,1.9160322146570639,20.641399999999997,1140.38323250501,4.587668656849372e-05,6.055790789384441,2724695.468435269,0
127.9,0.7,20.874800000000004,34.0987544504215,39.951932118484585,1.8723713133319477,2.1374234575169275,127.9,3.2013470492663467,1.9138833482708615,20.874800000000004,1162.7250550701401,4.649405475237117e-05,6.127004809626918,2750889.3487823233,0
123.6,0.5,20.693000000000005,33.89825710371167,39.68619281311826,1.8674557479927303,2.1008170326620093,123.6,3.1144332887266537,1.9178559325916131,20.693000000000005,1149.0918346693388,4.582781119863475e-05,5.973034359445221,2697052.2215052275,0
125.7,0.6,20.708199999999998,33.84376210214303,39.647685682773464,1.8523970853560452,2.02811640884645,125.7,3.170424649896159,1.9145886983307805,20.708199999999998,1145.4002332264529,4.5960397256622306e-05,6.070059203600507,2734963.3054333148,0
48.3,0.7,9.9152,10.659774413236061,14.55041992521178,1.766285694251165,2.3898108415677672,48.3,3.3194918255458523,1.4674862761428695,9.9152,113.63079054108219,3.0816421409929844e-05,4.871308697756978,1567346.1677297966,1
127.3,0.6,20.715400000000002,33.76975771177258,39.58842684421799,1.8586206807158674,2.070132191820038,127.3,3.215586224250094,1.9110626318689472,20.715400000000002,1140.3965359118235,4.6196644787778755e-05,6.145186672716915,2755611.3779431228,0
128.1,0.5,20.573199999999996,33.70732456334137,39.46096704339619,1.869616274018018,2.129487414881316,128.1,3.2462458372884098,1.9180762858182585,20.573199999999996,1136.1837292184366,4.56038326459625e-05,6.226547158439136,2808974.434111323,0
128.3,0.5,20.636200000000002,33.838873626298394,39.60595889509557,1.87486501214618,2.1421473390804735,128.3,3.239411532487539,1.9192467070049508,20.636200000000002,1145.069368296593,4.580881663783246e-05,6.21722991636057,2800770.8868436464,0
125.2,0.7,20.867000000000004,34.08678554656915,39.93766167416415,1.8565822570580237,2.0467894904550397,125.2,3.134885587981042,1.913914873923618,20.867000000000004,1161.9089488977957,4.641418734149473e-05,5.999904154885703,2697451.084920106,0
131.8,0.5,20.7484,34.03615279131393,39.83263586558138,1.873461895132115,2.143429275328412,131.8,3.308844547590833,1.9197931341974022,20.7484,1158.4596968336673,4.602644501856107e-05,6.352297044591391,2863571.1479965285,0
130.0,0.6,20.824600000000004,34.07653614249755,39.90678964787821,1.8697583848661634,2.1224043619033957,130.0,3.257591030174784,1.9163292283106617,20.824600000000004,1161.2103154709419,4.624622711095903e-05,6.242616905006578,2811040.1241616905,0
124.8,0.6,20.683,33.7918147557804,39.590269764173115,1.8515995968390355,2.0318517199912245,124.8,3.152289710158447,1.914145422045792,20.683,1141.886744488978,4.5910756288551064e-05,6.033940917661848,2718317.2330167396,0
126.8,0.5,20.8586,34.02461307097053,39.880322716848724,1.8695461135476226,2.1148922123017284,126.8,3.1795128866003197,1.9119366935867568,20.8586,1157.6742946292588,4.651542800753709e-05,6.079027355623101,2725977.2817623876,0
54.3,0.7,9.844400000000002,10.6738770811682,14.51261520195447,1.8594161213708644,2.9351012041159477,54.3,3.741572366136133,1.4742000733365637,9.844400000000002,113.93165194388779,3.062626074520309e-05,5.5158262565519465,1772988.2355456944,1
50.8,0.7,9.5818,10.318039185099583,14.07337557233516,1.8978311399186807,3.233812322691602,50.8,3.609652832676509,1.4687611484622054,9.5818,106.46193262525047,2.9965589805262134e-05,5.301717840071803,1695277.8280065497,1
53.1,0.7,9.8446,10.425271382885612,14.331261633226854,1.8083757327861603,2.715325168989586,53.1,3.7051867001638086,1.4557484949339592,9.8446,108.68628340681366,3.084117620599034e-05,5.393819962212787,1721724.2184714824,1
124.6,0.5,20.625400000000003,33.567398399498,39.369071871203666,1.8471170678614122,2.0127097581588496,124.6,3.1649209411801786,1.908766466163258,20.625400000000003,1126.7702353106213,4.592370517036314e-05,6.041094960582582,2713195.7131457804,0
56.7,0.6,9.897200000000002,10.641397974971307,14.5247182416734,1.7985282811907886,2.68986756394533,56.7,3.903690182252208,1.4675583237353391,9.897200000000002,113.23935086172344,3.075483745746239e-05,5.72889302024815,1843612.409866346,1
127.2,0.6,20.811600000000002,34.18648588366678,39.993763013750026,1.8855942220389734,2.1924173759983727,127.2,3.180495917732675,1.9217053476786994,20.811600000000002,1168.7158170741484,4.626177975166923e-05,6.111976013377155,2749569.9621329494,0
130.7,0.6,20.777399999999997,34.140784636431285,39.93697960537326,1.879576536853766,2.175267910880521,130.7,3.2726561019756026,1.9221355706379657,20.777399999999997,1165.5931755911822,4.6025082075603394e-05,6.290488704072695,2839755.935368128,0
128.1,0.5,20.8884,34.16469402872141,40.0152111077775,1.8640446841253389,2.086523506941207,128.1,3.2012826236246448,1.9156666431022722,20.8884,1167.2263180761522,4.6368711045328405e-05,6.132590337220658,2762638.7948281327,0
57.9,0.5,9.8508,10.731728628637487,14.55946152850441,1.9442069141180955,3.42260789620809,57.9,3.9767954252046884,1.47799788123852,9.8508,115.16999935871745,3.0680001396645926e-05,5.877695212571568,1887222.8606329164,1
128.1,0.6,20.7458,34.14410523361842,39.92338287269755,1.8721525633788114,2.1203968825207946,128.1,3.2086459308437982,1.9244079704179908,20.7458,1165.8199222044088,4.586946287443722e-05,6.174743803565059,2792707.652815995,0
127.7,0.7,20.797800000000002,34.12652068389006,39.93543113577215,1.871399721023368,2.115141376469569,127.7,3.197661734659796,1.920175746269901,20.797800000000002,1164.6194139879758,4.608604338413895e-05,6.14007250766908,2770903.957529785,0
127.5,0.5,20.681800000000003,33.69488238528094,39.50710391815629,1.8639292705140398,2.095439970587636,127.5,3.2272676899863773,1.9102352753704361,20.681800000000003,1135.3450989579158,4.626183922881316e-05,6.164840584475239,2756051.2535910904,0
126.7,0.6,20.520599999999998,33.53499347270592,39.286659567848226,1.872027585999599,2.14794168789635,126.7,3.225013309700932,1.9144985803460048,20.520599999999998,1124.5957872144286,4.5624926192729264e-05,6.174283403019405,2776990.7936901115,0
122.8,0.6,20.754800000000003,33.760415997683936,39.60110958041453,1.8522648009490645,2.043750053011051,122.8,3.1009232140488567,1.908045829418473,20.754800000000003,1139.7656883366733,4.623946825532823e-05,5.916703605912848,2655739.8826888455,0
124.2,0.7,20.631600000000002,33.79359488943285,39.56495873876277,1.8713490646415827,2.1256232083881317,124.2,3.1391414008557574,1.9176873697998587,20.631600000000002,1142.0070555511022,4.587610184150198e-05,6.019891816436921,2707291.923561867,0
125.5,0.6,20.7288,33.82246544676771,39.64031281410378,1.8548475454294697,2.0488266032912765,125.5,3.165968961661369,1.9123303237092248,20.7288,1143.9591688977957,4.6027512068628506e-05,6.054378449307245,2726630.1035970715,0
128.1,0.5,20.934199999999997,34.098480657153225,39.982767538028185,1.8539988466899338,2.062568340109536,128.1,3.203880268622282,1.9099257453367309,20.934199999999997,1162.7063831262524,4.6486690480634815e-05,6.119173410018057,2755627.442512029,0
126.3,0.5,20.697200000000002,33.855981556207595,39.65235327190556,1.8715584614211163,2.1238321491633645,126.3,3.1851829608681994,1.9158317681573138,20.697200000000002,1146.2274871342688,4.6049440681123e-05,6.102274703824671,2742704.3223952563,0
126.4,0.6,20.693,33.62484664088814,39.45338135065232,1.8386227434942637,1.9773258941863903,126.4,3.2037811633073146,1.9066051974412757,20.693,1130.6303116232464,4.611925071157287e-05,6.108345817426183,2740721.023212157,0
52.2,0.6,9.611600000000001,10.183631874548128,13.995777934791622,1.851727176924469,2.978522093611624,52.2,3.7296962157593128,1.4561340395763058,9.611600000000001,103.70635815631262,3.0185906538725075e-05,5.4309376170460695,1729283.8276376878,1
126.4,0.4,20.7582,34.05327066885783,39.85233819990993,1.8711158733275126,2.12990923256982,126.4,3.1717085046790476,1.9198359298932437,20.7582,1159.6252432464928,4.5939857473308295e-05,6.089159946430809,2751423.425147546,0
53.8,0.6,9.938,10.777479488649305,14.652153425350145,1.9126669894638666,3.191684961327801,53.8,3.6718152232093715,1.4743563519168992,9.938,116.15406412825651,3.1023845550096876e-05,5.413564097403904,1734149.9432468647,1
128.3,0.6,20.8228,34.049004531397955,39.88239009888951,1.8696849393875827,2.1204663008517954,128.3,3.216958654731488,1.9153231121121803,20.8228,1159.3347095791582,4.634454405170573e-05,6.161515262116526,2768394.913042151,0
129.3,0.5,20.7932,34.16984856363463,39.96999574680988,1.879609123539241,2.152246654712126,129.3,3.2349265388730952,1.9222628429876056,20.7932,1167.5785508617234,4.602537632071356e-05,6.218379085470251,2809319.7782678204,0
124.0,0.6,20.630399999999995,33.75037735764694,39.52749928847005,1.855370615668584,2.032867219289736,124.0,3.137056536135847,1.9159831747552183,20.630399999999995,1139.0879717835671,4.580400402362642e-05,6.010547541492168,2707186.9074161914,0
126.0,0.6,20.702,33.810218244126006,39.61587308137989,1.8517995003000784,2.0359186292242875,126.0,3.180543307506255,1.9136254024432366,20.702,1143.130857715431,4.606324743991688e-05,6.0863684668148,2735369.454017534,0
123.9,0.7,20.601599999999998,33.58189459708102,39.36894816984574,1.84889267870679,2.0180936296255885,123.9,3.147150375099429,1.9109655643176133,20.601599999999998,1127.7436447294592,4.580141346097537e-05,6.014095992544269,2705156.689226802,0
58.1,0.7,9.928000000000003,10.99331988820159,14.804612794666397,2.042261102144428,3.958574753027719,58.1,3.9244525206989183,1.491197904378162,9.928000000000003,120.85308216432863,3.0813609109394146e-05,5.852135374697823,1885530.5067878936,1
128.4,0.7,20.589199999999998,33.525439199315706,39.31440346743163,1.8527769279246207,2.0443181276930753,128.4,3.265978589917245,1.9094672676661373,20.589199999999998,1123.955073507014,4.583927378652541e-05,6.236279214345386,2801091.4962999164,0
127.6,0.6,20.7942,34.14851194556203,39.952313825359354,1.8669742780927885,2.103786134607761,127.6,3.193807511569132,1.9213200712390646,20.7942,1166.1208680961925,4.597218539271237e-05,6.136326475651864,2775591.347463492,0
130.5,0.5,20.7378,33.97614557444962,39.775948260223785,1.8658476588303308,2.1006980721289965,130.5,3.280877155869113,1.918040884771952,20.7378,1154.3784680961924,4.599321219021686e-05,6.292856522871278,2837375.2078955346,0
127.0,0.6,20.710600000000003,33.923652752499166,39.717018266732964,1.873559569407002,2.135412813076104,127.0,3.1976217133695406,1.9177145165631588,20.710600000000003,1150.8142160721443,4.59763245317153e-05,6.132125578206328,2762291.2725960314,0
44.5,0.5,9.453,9.661763314254877,13.510076979795489,1.6608052078840978,2.00806370894783,44.5,3.293837634422837,1.429184066412302,9.453,93.34967034068137,2.9890833589293126e-05,4.707500264466307,1488750.719081313,1
127.5,0.6,20.6502,33.880918719340144,39.64910566456702,1.8711787952423886,2.111343228015624,127.5,3.21570935492606,1.9200349470981886,20.6502,1147.9166532665333,4.586072825215016e-05,6.174274341168608,2780156.4619511296,0
129.1,0.6,20.752799999999997,33.864070083870466,39.688290464569015,1.8736879832232027,2.1475178430743593,129.1,3.2528485981337902,1.912430634158717,20.752799999999997,1146.7752426452907,4.618624716647904e-05,6.220847307351298,2795204.3718697703,0
128.3,0.5,20.8656,34.171243530325576,40.00889651065123,1.8852915512028379,2.192294732114643,128.3,3.2067867696836823,1.9174572746842282,20.8656,1167.6738844088177,4.639629855504128e-05,6.148876619891113,2765306.802390583,0
123.8,0.6,20.736800000000002,33.99566289913911,39.792066545983765,1.8686759510471316,2.108992068118111,123.8,3.111172923299587,1.918910658635072,20.736800000000002,1155.7050959519038,4.597495906792011e-05,5.970062883376412,2692770.205996415,0
134.2,0.6,20.783,34.027127145316385,39.84297654543395,1.8813169306962454,2.206121973042614,134.2,3.368222247325532,1.91709457467324,20.783,1157.8453817635273,4.6184433464551176e-05,6.457200596641485,2905740.959299741,0
128.8,0.6,20.7126,33.80397489463857,39.61609647605377,1.8641717463096386,2.1025956406172988,128.8,3.2512037140724876,1.9126568598849865,20.7126,1142.7087186773547,4.608539730350146e-05,6.218437086604291,2794811.535458198,0
125.7,0.6,20.706599999999998,33.85087206438023,39.65290733351087,1.866671814809609,2.079691637118831,125.7,3.17000715591339,1.9149888119493723,20.706599999999998,1145.881539519038,4.607785831468035e-05,6.070528237373591,2727991.3736778894,0
131.0,0.7,20.644599999999997,33.77845643421493,39.558837950576866,1.8735398563523298,2.1458826885832263,131.0,3.3115229563534156,1.9161833094647933,20.644599999999997,1140.9841190781563,4.586780006837566e-05,6.345485017873925,2856034.076295719,0
124.7,0.7,20.602600000000002,33.577112117576654,39.36540029010248,1.8652269861794766,2.0996824146192044,124.7,3.1677564328325385,1.9107006052683873,20.602600000000002,1127.4224581563128,4.596763879696609e-05,6.052634133555959,2712778.0165256243,0
126.9,0.6,20.754800000000003,33.77634200914951,39.61466041757774,1.8620276548790653,2.084235097811672,126.9,3.203359530596713,1.9086987307792767,20.754800000000003,1140.841279519038,4.623809525539916e-05,6.114248270279646,2744490.2152448,0
130.0,0.6,20.7626,34.06525656221157,39.86485143582,1.8829301799098044,2.1758887225877404,130.0,3.261018047672701,1.9200317607534703,20.7626,1160.4417046492986,4.6156294329518294e-05,6.2612582239218595,2816517.267870467,0
129.3,0.6,20.697799999999997,33.85541246338807,39.65218152888942,1.8647399047494204,2.098983652018692,129.3,3.260854636857642,1.9157679332532649,20.697799999999997,1146.1889530661322,4.58914924080939e-05,6.247040748292091,2817515.6922374424,0
120.4,0.5,20.685399999999998,33.70617360541295,39.518599418501665,1.842833140722144,1.985510623234128,120.4,3.046666677757603,1.9104585562039733,20.685399999999998,1136.1061391182366,4.5962664154095874e-05,5.820530422423546,2619517.432591444,0
129.0,0.6,20.6338,33.781504668610474,39.55580083881504,1.8607920460247387,2.0761801541773766,129.0,3.2612157323184765,1.9170390736953462,20.6338,1141.190057675351,4.579149775453907e-05,6.251877986604503,2817116.8519425183,0
133.0,0.6,20.695400000000003,33.942790469992,39.72541226972981,1.872086139275364,2.1368490221255696,133.0,3.3479828754689622,1.9195286039279165,20.695400000000003,1152.1130248897796,4.5909320261922786e-05,6.426548894923509,2897015.230049273,0
126.0,0.6,20.7062,33.984178529731764,39.766333248113284,1.8706662140338046,2.1120398506766263,126.0,3.168509382392657,1.920503677551327,20.7062,1154.9243903406814,4.599421310857346e-05,6.085133921240981,2739475.066190734,0
129.2,0.6,20.7286,34.14907789504959,39.9186931148804,1.8782747312443582,2.1399861710284203,129.2,3.2365789037276476,1.9257785434076782,20.7286,1166.1595210821642,4.579389055814756e-05,6.232934206844649,2821337.0479179122,0
50.6,0.6,9.877600000000001,10.779860343160113,14.613006535275344,1.8698055049203508,2.8690460560432127,50.6,3.4626686765555856,1.4794086149748262,9.877600000000001,116.20538901803609,3.0684243267609175e-05,5.122701870899813,1649054.8441653848,1
124.1,0.6,20.7376,33.8730671122528,39.68800776053139,1.8677339037715857,2.118627471952152,124.1,3.126889128544617,1.9138187524367039,20.7376,1147.3846755911823,4.620914051993598e-05,5.984299050999151,2685615.845775353,0
125.6,0.6,20.880200000000002,34.20574709355808,40.04592139032388,1.8613406797096352,2.0671628273036617,125.6,3.136399304583067,1.917889741972006,20.880200000000002,1170.033134228457,4.6258168093560044e-05,6.015268052987997,2715196.151865896,0
56.8,0.7,10.053600000000001,11.002871142877824,14.89617132017486,1.8905039167017954,3.019435964545578,56.8,3.813060334709768,1.4816753521300687,10.053600000000001,121.06317338677357,3.118299439435809e-05,5.649717514124293,1821505.6348237284,1
130.8,0.6,20.767,33.84913083546804,39.68299913061007,1.848353681480269,2.011741458908798,130.8,3.29612183720019,1.9108681624986792,20.767,1145.7636583166334,4.6169728698581644e-05,6.298454278422498,2833025.094297733,0
61.5,0.6,9.7352,10.63331442737507,14.408863938562263,1.9114573038537963,3.3621701458862985,61.5,4.268206033607433,1.4800788826693094,9.7352,113.06737571142284,3.0231205533086372e-05,6.3172816172240935,2034321.784908368,1
54.5,0.7,9.7702,10.550165113772188,14.371505836202411,1.894120309178128,3.2569018663729894,54.5,3.792226132818474,1.4709530855256197,9.7702,111.3059839278557,3.044923486495006e-05,5.578186731080223,1789864.3509999865,1
59.6,0.5,10.027,10.898633465845418,14.801465467986606,1.809272652857944,2.6961417237888305,59.6,4.026628317912577,1.4761609123353552,10.027,118.7802114228457,3.101750832955776e-05,5.943951331405207,1921495.4137113877,1
130.5,0.6,20.674,34.03478010084722,39.79276064813799,1.8842849168725864,2.183355367313106,130.5,3.2794909896784565,1.9247731763634515,20.674,1158.3662565130262,4.561482057898561e-05,6.312276289058722,2860912.2724494576,0
127.1,0.5,20.6858,33.77308129858455,39.57577668220802,1.857985083906868,2.064146970024166,127.1,3.211560470956973,1.9131856965748495,20.6858,1140.6210204008016,4.59365548818014e-05,6.144311556720068,2766859.646463235,0
52.6,0.8,9.8368,10.692789966821058,14.521353931366043,1.8428186120311274,2.773594691877575,52.6,3.622251771329965,1.4762274247078362,9.8368,114.3357572745491,3.05681196982371e-05,5.347267404033833,1720746.9912856142,1
125.0,0.6,20.7692,34.06483755539355,39.86793197546118,1.8724116248737361,2.1179485169274574,125.0,3.1353519936007173,1.9195699389221144,20.7692,1160.413157675351,4.611154498639691e-05,6.018527434855459,2710817.8664773754,0
128.9,0.6,20.748800000000003,33.93324370904194,39.74512297125271,1.8844307102799858,2.199199722111671,128.9,3.2431652077975004,1.9155383911962478,20.748800000000003,1151.4650286172346,4.615040285991214e-05,6.212407464528068,2793041.707377317,0
53.9,0.6,9.9486,10.953760439938018,14.789169685956004,1.8921724456369267,3.036250191180958,53.9,3.644558899826822,1.4865578760786446,9.9486,119.98486777555111,3.079586532991812e-05,5.4178477373700815,1750234.9559775565,1
125.1,0.6,20.7972,33.948296065804875,39.7832296325977,1.8611589055237225,2.092001561903751,125.1,3.1445410831476384,1.9129127782873514,20.7972,1152.486805771543,4.621858736631022e-05,6.015232819802665,2706703.236265248,0
53.8,0.6,9.8278,10.574776544112686,14.428717891760169,1.8601241702408646,2.9538518469234925,53.8,3.728675021827383,1.4681533905614856,9.8278,111.82589895791583,3.067275912406021e-05,5.4742668755977935,1753999.3641393154,1
51.9,0.5,9.6228,10.082680250909686,13.930376879323834,1.8704133448566924,3.204449208533272,51.9,3.7256709168459463,1.4476427733428767,9.6228,101.66044104208419,3.0329602050937323e-05,5.393440578625764,1711199.5044589136,1
128.1,0.5,20.5836,33.929578890510484,39.65600181561424,1.8794771457415616,2.159553733684609,128.1,3.230280263643765,1.9265824158851823,20.5836,1151.2163236873748,4.553951822722786e-05,6.2234011543170284,2812941.484378937,0
129.3,0.6,20.763000000000005,34.11856979137927,39.910535200620906,1.8731628118193673,2.128602726047607,129.3,3.239746080829015,1.9221950200173816,20.763000000000005,1164.0768046092185,4.598613291404806e-05,6.227423782690361,2811717.1809526267,0
60.7,0.5,9.7156,10.461910905737977,14.26974281478121,1.8987978595879724,3.3379425802247873,60.7,4.253755711499183,1.4687454006732688,9.7156,109.4515797995992,3.026930684401658e-05,6.247684136852073,2005331.6817857276,1
123.8,0.5,20.864399999999996,33.98180894712107,39.846919579811946,1.8631600814486575,2.0876217275857023,123.8,3.106890101053685,1.9098042397486605,20.864399999999996,1154.7633393186375,4.6599159002497935e-05,5.933551887425472,2656700.3064017473,0
123.9,0.6,20.778000000000002,33.951390986229114,39.775832360869586,1.8642662900334273,2.0801716676340467,123.9,3.1149568128683476,1.9143243989252854,20.778000000000002,1152.6969498997996,4.626814083229197e-05,5.963037828472422,2677868.5672523575,0
50.7,0.6,9.462,10.025396408436556,13.778134852003735,1.8312589247504831,2.8623846859867133,50.7,3.679743342955217,1.456154602832777,9.462,100.50857314629259,2.9660496986835167e-05,5.358275206087509,1709344.2507892984,1
131.8,0.6,20.8126,34.14206940192835,39.9563994874413,1.8727740520929008,2.106821866949659,131.8,3.298595511375495,1.9198177780498977,20.8126,1165.6809030460922,4.6315306804919076e-05,6.332702305334269,2845711.4740736587,0
126.6,0.6,20.714000000000002,33.90023385924385,39.69883121705222,1.8581771874567587,2.066343453090342,126.6,3.189010762251869,1.916521734916106,20.714000000000002,1149.225855711423,4.5842966377937544e-05,6.111808438737085,2761601.397175897,0
128.7,0.6,20.795800000000003,33.97234113635045,39.802977526813244,1.863194146398743,2.0913658222201112,128.7,3.2334264418610728,1.9139911677748986,20.795800000000003,1154.1199622845693,4.623092127387508e-05,6.18874965137191,2783851.0774546876,0
57.3,0.5,9.7032,10.580849612249201,14.348608294883514,1.9056928073155373,3.2297560334805917,57.3,3.993418652346393,1.478750133449121,9.7032,111.95437851703407,3.016003634689017e-05,5.905268365075439,1899865.0844102267,1
50.4,0.7,9.7988,10.59151163893026,14.421242664902355,1.8587584820172751,2.8818762758965226,50.4,3.494844457659728,1.471735586490423,9.7988,112.18011879759518,3.0524566620184076e-05,5.143486957586643,1651129.0930719876,1
127.2,0.6,20.831799999999998,33.916367859450325,39.77415316508951,1.8626558482069056,2.095169618785097,127.2,3.1980567750125157,1.9092998763951994,20.831799999999998,1150.320008777555,4.64306644056712e-05,6.106049405236226,2739568.8092816384,0
130.0,0.5,20.6602,33.773113008494924,39.56242889409092,1.875703659571124,2.1606766923941816,130.0,3.285945874253866,1.9149102571171104,20.6602,1140.623162284569,4.598895719815344e-05,6.292291458940378,2826765.5524317864,0
125.4,0.6,20.721600000000006,34.06014857398252,39.839154609504455,1.8746898674768178,2.1284361162274026,125.4,3.147657153600424,1.9225906594811426,20.721600000000006,1160.0937208817634,4.588564627347567e-05,6.051656242761175,2732880.763030417,0
126.9,0.5,20.718400000000003,33.81778565626949,39.630889972343546,1.8625725700063318,2.0923662294153997,126.9,3.20204769785784,1.9128354492790727,20.718400000000003,1143.6426266933868,4.606463515956399e-05,6.124990346744922,2754824.814316431,0
130.1,0.6,20.774799999999995,34.091917556002784,39.8939423973114,1.8783282813829503,2.149968974520389,130.1,3.261146735118561,1.920304522657807,20.774799999999995,1162.2588426452908,4.6290736642224215e-05,6.262394824498913,2810497.5085086236,0
125.2,0.6,20.7246,34.12642965858698,39.89728085972777,1.8710642485420088,2.102791561495902,125.2,3.1380584666955738,1.9251170521857008,20.7246,1164.613201242485,4.582520039941552e-05,6.041129864991364,2732121.1671470804,0
125.7,0.6,20.753800000000002,34.01274436322709,39.81549020167904,1.8675763964920487,2.0940185485644855,125.7,3.1570627251676826,1.9184674710982585,20.753800000000002,1156.8667791182365,4.610468209508987e-05,6.0567221424510205,2726404.2237781095,0
135.6,0.6,20.642799999999998,33.750072933343596,39.533713207843256,1.8747143442826286,2.152372190198064,135.6,3.429983904802996,1.9151332768734504,20.642799999999998,1139.067423006012,4.595760337960546e-05,6.568876315228555,2950545.5034275134,0
128.8,0.7,20.7148,33.951008274950716,39.74252835439638,1.8642963394964047,2.081306318569278,128.8,3.240860743721454,1.918557183964913,20.7148,1152.6709628857718,4.593332138739793e-05,6.217776662096665,2804064.5899239723,0
128.8,0.5,20.6334,33.73009966909933,39.51178786134589,1.856095604591412,2.044838852194945,128.8,3.259786685734972,1.9149431437061213,20.6334,1137.7196236873747,4.58954256986794e-05,6.242306163792685,2806379.896018834,0
136.0,0.6,20.593400000000003,33.76826510047253,39.52345202534819,1.8667788203423044,2.110481942855869,136.0,3.440994979709186,1.919229074623335,20.593400000000003,1140.2957278957913,4.55725843101758e-05,6.604057610690803,2984250.3351216107,0
130.8,0.5,20.713,33.93350994510277,39.72667240029046,1.8731316394975657,2.137246321983441,130.8,3.2924982662037325,1.9179584029493777,20.713,1151.4830971943888,4.6014109161143067e-05,6.314874716361706,2842606.374100033,0
129.6,0.5,20.783600000000003,33.96070479215589,39.786691744853584,1.862687901571974,2.0978178665060527,129.6,3.2573706009815147,1.9143310949428192,20.783600000000003,1153.3294699799596,4.611367913972781e-05,6.2356858292114925,2810445.889760879,0
52.3,0.5,9.750399999999999,10.52530398077773,14.339831240290103,1.8264552562696579,2.6561979417513726,52.3,3.647183786448936,1.470691586015969,9.750399999999999,110.78202388777555,3.038050039730128e-05,5.363882507384313,1721498.9653246738,1
124.8,0.6,20.907,34.26528316329111,40.11064771354359,1.873651652736178,2.129568382913831,124.8,3.1113932861737497,1.9185271781481605,20.907,1174.1096302605213,4.631290178755564e-05,5.9692925814320565,2694713.4639171753,0
123.7,0.6,20.7474,33.93331804269623,39.74445546236607,1.8616735479407067,2.0710149951951875,123.7,3.1123838170869202,1.9156354754025118,20.7474,1151.4700733867735,4.61065477897024e-05,5.962192853080387,2682916.1134381783,0
128.0,0.6,20.714200000000005,33.807263724250774,39.61973371944845,1.8706526739724576,2.1320258837735198,128.0,3.23071328309225,1.9126847148066755,20.714200000000005,1142.931080521042,4.610656517641417e-05,6.179335914493437,2776177.3081608443,0
133.1,0.4,20.6294,33.8790563114309,39.636687803094745,1.8704143995941862,2.1230364672834616,133.1,3.3580000594703536,1.921368910540042,20.6294,1147.790456553106,4.566996067201975e-05,6.4519569158579495,2914388.320932917,0
133.4,0.5,20.698600000000003,33.79452200394245,39.600727518569656,1.8556144485375974,2.0674872056317914,133.4,3.3686249813831273,1.9132080197969743,20.698600000000003,1142.06971747495,4.5987705785840164e-05,6.4448803300706325,2900775.277227996,0
125.9,0.4,20.756,33.940077219761406,39.7547043757088,1.856798969318976,2.0559557479188255,125.9,3.166920795339339,1.915335535541954,20.756,1151.928841683367,4.6055268218956084e-05,6.065715937560224,2733672.0611732383,0
126.5,0.6,20.856600000000004,34.03209107424596,39.88564428462952,1.855349955382538,2.0585594042108593,126.5,3.1715671708166067,1.9123751850555466,20.856600000000004,1158.1832228857718,4.6317896174547966e-05,6.065226355206504,2731125.773141499,0
128.5,0.5,20.689600000000002,33.84284752347229,39.63719465350695,1.862914384615211,2.098229377709596,128.5,3.2419045072008092,1.9158028503937703,20.689600000000002,1145.338328496994,4.5945863493393834e-05,6.210849895599721,2796769.7248409735,0
130.3,0.5,20.7616,34.105947233780604,39.89903808364307,1.8669632812934231,2.094179494434191,130.3,3.265742891516413,1.9217708694726354,20.7616,1163.2156367134269,4.594913720857627e-05,6.276009556103576,2835744.214489405,0
125.6,0.6,20.7332,33.891857041292596,39.70171583193855,1.8545615792437375,2.0386865374318237,125.6,3.1635912294490676,1.9148860683318807,20.7332,1148.6579737074146,4.5915323704243704e-05,6.057916771168946,2735470.206178498,0
127.1,0.6,20.881200000000003,34.214374367899424,40.05379732310034,1.8659888567028695,2.085139966504971,127.1,3.1732322150313887,1.9181750724623265,20.881200000000003,1170.6234133867733,4.635618135917918e-05,6.086814934007623,2741813.4167522923,0
130.5,0.6,20.682199999999998,33.69324580365583,39.505920315821015,1.864761423730532,2.1106165282373004,130.5,3.30330236472781,1.9101411027753827,20.682199999999998,1135.2348127855712,4.613111991240809e-05,6.309773621761709,2828892.952258435,0
53.2,0.7,9.5486,10.047856332260503,13.853997978922907,1.8235686601483208,2.990853863665353,53.2,3.8400467562458886,1.4508931130137304,9.5486,100.95941687374749,2.9982966149856037e-05,5.571497392287875,1774340.7951736436,1
127.6,0.5,20.741,33.97296430409355,39.77490490246331,1.874414402486983,2.1331249800259284,127.6,3.2080529246494205,1.9176946580426841,20.741,1154.1623036072144,4.6070091886767974e-05,6.152065956318403,2769692.7610567375,0
128.4,0.6,20.9468,34.261449233316654,40.12814025095108,1.8582524892849088,2.0597883804034813,128.4,3.1997495821391024,1.9157169711340671,20.9468,1173.8469035671342,4.653650361328742e-05,6.129814577883018,2759124.3439126434,0
132.0,0.6,20.764400000000002,34.17045877869205,39.95554179334827,1.8812531166310749,2.157163801569115,132.0,3.303671883182301,1.9242329079264637,20.764400000000002,1167.6202531462927,4.602745804116497e-05,6.357034154610775,2867853.355750059,0
124.6,0.6,20.8638,34.09959816111473,39.946904510862915,1.8541866350756215,2.0362038739606128,124.6,3.1191403070071937,1.9146514302697932,20.8638,1162.782594749499,4.634234287006022e-05,5.972066450023485,2688685.8169723363,0
63.8,0.6,9.8838,10.875119033278484,14.687449744594874,1.9544103788686784,3.5244523987469103,63.8,4.343844650326652,1.486012439000675,9.8838,118.26821398797594,3.06420403281178e-05,6.455007183471944,2082106.7826040206,1
124.0,0.6,20.7528,33.96152562246299,39.77131076542487,1.8586500600155702,2.053226775316239,124.0,3.117825327190353,1.9164310726950036,20.7528,1153.3852226052104,4.602054586355045e-05,5.975097336263058,2694448.7005359805,0
129.2,0.5,20.8174,34.131306588216596,39.94972265235392,1.8733120924011273,2.1310860195495156,129.2,3.234065005264492,1.919054380102891,20.8174,1164.9460894188378,4.620929247474015e-05,6.206346613890303,2795974.425936642,0
50.9,0.7,9.7842,10.379956519885305,14.256878339945247,1.7723513572689005,2.4633889328531806,50.9,3.570206519711066,1.4571327589322833,9.7842,107.74349735470943,3.062566562761413e-05,5.202264876024611,1662004.6930214372,1
123.9,0.5,20.617399999999996,33.68205871675301,39.46250498891321,1.8631977655237408,2.0821822569552024,123.9,3.139689181789374,1.9140388695428723,20.617399999999996,1134.4810793987976,4.588376734879283e-05,6.009487132228119,2700301.373646027,0
130.3,0.5,20.693399999999997,33.92057291635783,39.70542607755267,1.8739701259449306,2.153660213436652,130.3,3.2816673405165817,1.9187483003060242,20.693399999999997,1150.6052669739481,4.5862973796176944e-05,6.296693631785981,2841071.766935043,0
132.6,0.5,20.8594,34.04826486505063,39.90088144389795,1.8698326386699617,2.1183326093799018,132.6,3.3232348560129,1.9128489526974866,20.8594,1159.2843403206414,4.6569448837652104e-05,6.356846313892058,2847360.304010961,0
126.2,0.5,20.743599999999997,33.8105522867028,39.637912154905436,1.8457184809330467,2.001344025815327,126.2,3.1838205682178438,1.910850197405727,20.743599999999997,1143.1534459318639,4.609406728763979e-05,6.0838041612834814,2737879.4588135807,0
124.4,0.6,20.662200000000002,33.861901421742274,39.63914252352087,1.8576711649387498,2.052130936426636,124.4,3.138312084480238,1.9184376554055649,20.662200000000002,1146.6283678957916,4.57695084096096e-05,6.0206560772812185,2717966.705840376,0
52.6,0.6,9.7968,10.510177802248151,14.360369076037008,1.90126081284034,3.18969249815172,52.6,3.662858504644776,1.4658224191610536,9.7968,110.46383743486976,3.065440742272932e-05,5.369100114323045,1715903.3373125552,1
49.2,0.6,9.9704,10.834162727410366,14.71574666811032,1.7884513057710294,2.4594380144553716,49.2,3.3433573647077384,1.475943459451007,9.9704,117.37908200400801,3.0912678545007385e-05,4.934606435047741,1591579.9702820042,1
127.0,0.7,20.697800000000004,33.904640160438476,39.69413684664272,1.8685063870847025,2.108924261154689,127.0,3.1994649610510804,1.9177949756323238,20.697800000000004,1149.5246244088175,4.596896993821516e-05,6.13591782701543,2762733.212658344,0
127.8,0.5,20.7978,34.076241512691254,39.8925599579671,1.8640565985187278,2.08040511554392,127.8,3.2036048860904587,1.9181144139268145,20.7978,1161.1902356312626,4.602671174315814e-05,6.14488070853648,2776648.4973586546,0
130.0,0.6,20.806,34.34220170046281,40.12377948299487,1.8828527185015824,2.170031755386291,130.0,3.2399739425119756,1.9284715698834407,20.806,1179.3868176352707,4.584248911401424e-05,6.24819763529751,2835797.1504705762,0
129.7,0.6,20.713399999999996,33.90682447431289,39.70413504913563,1.8659971731995195,2.0875835007871464,129.7,3.2666622718135145,1.9168333083480085,20.713399999999996,1149.6727459318638,4.600461999361811e-05,6.26164704973592,2819282.0638012514,0
127.7,0.5,20.8426,34.20455918409059,40.02531623860079,1.8821647618189254,2.185337229629819,127.7,3.1904807257174133,1.9203610028787572,20.8426,1169.9518689779559,4.624405871518244e-05,6.126874766104037,2761435.815712142,0
58.4,0.7,9.8248,10.506453068097924,14.37676876074732,1.8532933138431846,3.091203886692103,58.4,4.062108876609928,1.4633141398040999,9.8248,110.3855560721443,3.066548456598208e-05,5.944141356567055,1904421.2353580238,1
124.4,0.6,20.7918,33.953113267580086,39.784509799669515,1.8582036364175918,2.057061068476309,124.4,3.1268451119896263,1.9134711665016746,20.7918,1152.8139005611226,4.624859578574789e-05,5.983127963908849,2689811.3961404967,0
127.3,0.6,20.792600000000004,34.12704845298263,39.933173427615294,1.8733963804971367,2.134905291692802,127.3,3.1878257867672306,1.9205473787604863,20.792600000000004,1164.6554361122242,4.613562812698408e-05,6.12237045872089,2759255.810923793,0
128.4,0.6,20.635,33.669907042945056,39.461355019816544,1.8629954375952857,2.0875589062638893,128.4,3.2538162953482113,1.9123506188425754,20.635,1133.6626402805612,4.5967218366320206e-05,6.2224376060092075,2793294.9733168455,0
122.7,0.6,20.595399999999998,33.8079178515761,39.55830962010384,1.871973867378519,2.123045266985142,122.7,3.1017503320627964,1.920735194271723,20.595399999999998,1142.975309458918,4.559607334160089e-05,5.957641026637017,2691021.2000218695,0
130.3,0.6,20.687199999999997,34.031477768651726,39.79680188155827,1.8715742987257782,2.1113191408655876,130.3,3.274132438777215,1.9237403747997928,20.687199999999997,1158.1414791182365,4.585638677225441e-05,6.298580764917438,2841479.8716509114,0
53.8,0.6,9.809,10.75408944912397,14.547701536668946,1.9413865461121353,3.3359102742995947,53.8,3.698178702964979,1.4830973123324445,9.809,115.65043987975952,3.045574062353283e-05,5.484758894892446,1766497.8391111363,1
125.0,0.6,20.7392,33.80592765846989,39.63167268738477,1.8650310677457023,2.0930404277170123,125.0,3.154043004593873,1.9109547469229657,20.7392,1142.8407448496994,4.628663757741864e-05,6.027233451627835,2700563.4140290716,0
126.3,0.6,20.665599999999998,33.84856965923304,39.62955008576303,1.8901678038185898,2.2212763205415254,126.3,3.187015742714007,1.9176578510066504,20.665599999999998,1145.7256679759516,4.610929307476627e-05,6.111605760297306,2739144.141620311,0
56.8,0.7,9.904399999999999,10.905279036398998,14.723600103235622,2.0187009483430844,3.769947939951627,56.8,3.8577521531244092,1.4865716351556504,9.904399999999999,118.92511086172347,3.080627729034608e-05,5.734824926295384,1843780.066791767,1
126.6,0.5,20.666999999999998,33.89965049387994,39.6738304175435,1.8658289209696215,2.0852712577878236,126.6,3.1910203443330323,1.9196705093890503,20.666999999999998,1149.1863036072143,4.5875137671816815e-05,6.125707649876615,2759664.742712612,0
55.1,0.4,9.8964,10.64954894939928,14.530134204473132,1.8431677223528347,2.917009015180038,55.1,3.7921191383791455,1.4682242234017555,9.8964,113.41289282565133,3.07999646842847e-05,5.567681176993655,1788963.090211402,1
123.2,0.6,20.7852,33.924697657935944,39.75685953392194,1.858562034125312,2.0578813020293563,123.2,3.098836312633835,1.9127484716972625,20.7852,1150.8851111823647,4.628351532147291e-05,5.927294421030349,2661854.855757731,0
128.6,0.5,20.875,34.38751397287203,40.19828031147601,1.88176353665324,2.1560988016140437,128.6,3.19914182904204,1.9256661227054377,20.875,1182.501117234469,4.613137548018956e-05,6.160479041916167,2787690.5611718725,0
